{"mainConfig":{"password":"{SSHA}D6AaX93kPmck9wAxNlq3GF93S7A= R7gkjQ==","default":"Hemlis","sessionTimeout":30,"hideLoginErrorDetails":"false","logLevel":"4","logDestination":"SYSLOG","allowedHosts":"","passwordMinLength":0,"passwordMinUpper":0,"passwordMinLower":0,"passwordMinNumeric":0,"passwordMinClasses":0,"passwordMinSymbol":0,"checkedRulesCount":-1,"passwordMustNotContainUser":"false","passwordMustNotContain3Chars":"false","externalPwdCheckUrl":null,"errorReporting":"default","allowedHostsSelfService":"","licenseEmailFrom":"","licenseEmailTo":"","licenseWarningType":"","licenseEmailDateSent":"","mailServer":"","mailUser":"","mailPassword":"","mailEncryption":""},"certificates":null,"serverProfiles":{"Hemlis":{"ServerURL":"ldap:\/\/ldap:389","useTLS":"no","followReferrals":"false","pagedResults":"false","Passwd":"{CRYPT-SHA512}$6$lDxwHN6HLzhVv1yz$eabF6PPe67c1nfPc4j.my\/hlbZzF\/GyGdp3GHZI82d\/zbTGUv3CJ0vCIdaQFN3jkB\/ABLk7ApNXa7UwDqsAFA0 bER4d0hONkhMemhWdjF5eg==","Admins":"cn=admin,dc=hemlis,dc=com","defaultLanguage":"en_GB.utf8","scriptPath":"","scriptServer":"","scriptRights":"750","serverDisplayName":"Hemlis","activeTypes":"user,group","accessLevel":100,"loginMethod":"list","loginSearchSuffix":"dc=yourdomain,dc=org","loginSearchFilter":"uid=%USER%","searchLimit":"0","lamProMailFrom":"","lamProMailReplyTo":"","lamProMailSubject":"Your password was reset","lamProMailText":"Dear @@givenName@@ @@sn@@,+::++::+your password was reset to: @@newPassword@@+::++::++::+Best regards+::++::+deskside support+::+","lamProMailIsHTML":"false","lamProMailAllowAlternateAddress":"true","httpAuthentication":"false","loginSearchDN":"","loginSearchPassword":"","timeZone":"Europe\/London","jobsBindUser":null,"jobsBindPassword":null,"jobsDatabase":null,"jobToken":null,"jobsDBHost":null,"jobsDBPort":null,"jobsDBUser":null,"jobsDBPassword":null,"jobsDBName":null,"pwdResetAllowSpecificPassword":"true","pwdResetAllowScreenPassword":"true","pwdResetForcePasswordChange":"true","pwdResetDefaultPasswordOutput":2,"scriptUserName":"","scriptSSHKey":"","scriptSSHKeyPassword":"","twoFactorAuthentication":"none","twoFactorAuthenticationURL":"https:\/\/localhost","twoFactorAuthenticationInsecure":false,"twoFactorAuthenticationLabel":"","twoFactorAuthenticationOptional":false,"twoFactorAuthenticationCaption":"","twoFactorAuthenticationClientId":"","twoFactorAuthenticationSecretKey":"","twoFactorAuthenticationDomain":"","twoFactorAuthenticationAttribute":"uid","twoFactorAllowToRememberDevice":"false","twoFactorRememberDeviceDuration":"28800","twoFactorRememberDevicePassword":"jVkyFNAEjlxO8wxL8eOgmglXEwTrmI","referentialIntegrityOverlay":"false","hidePasswordPromptForExpiredPasswords":"false","hideDnPart":"","pwdPolicyMinLength":"","pwdPolicyMinLowercase":"","pwdPolicyMinUppercase":"","pwdPolicyMinNumeric":"","pwdPolicyMinSymbolic":"","typeSettings":{"suffix_user":"ou=Users,dc=my-domain,dc=com","attr_user":"#uid;#givenName;#sn;#uidNumber;#gidNumber","modules_user":"inetOrgPerson,posixAccount,shadowAccount","suffix_group":"ou=Groups,dc=my-domain,dc=com","attr_group":"#cn;#gidNumber;#memberUID;#description","modules_group":"posixGroup","customLabel_user":"","filter_user":"","customLabel_group":"","filter_group":"","hidden_user":false,"hidden_group":false},"moduleSettings":{"posixGroup_group_gidGenerator":["range"],"posixGroup_group_minGID":["10000"],"posixGroup_group_maxGID":["20000"],"posixGroup_group_sambaIDPoolDN":[""],"posixGroup_group_windowsIDPoolDN":[""],"posixGroup_group_magicNumber":[""],"posixGroup_group_gidCheckSuffix":[""],"posixGroup_group_hidememberUid":["false"],"posixAccount_user_uidGeneratorUsers":["range"],"posixAccount_user_sambaIDPoolDNUsers":[""],"posixAccount_user_windowsIDPoolDNUsers":[""],"posixAccount_user_minUID":["10000"],"posixAccount_user_maxUID":["30000"],"posixAccount_user_magicNumberUser":[""],"posixAccount_user_uidCheckSuffixUser":[""],"posixAccount_user_userNameSuggestion":["@givenname@%sn%"],"posixAccount_user_hidegecos":["false"],"posixAccount_user_hidepassword":["false"],"posixAccount_pwdHash":["SSHA"],"posixAccount_shells":["\/bin\/bash","\/bin\/csh","\/bin\/dash","\/bin\/false","\/bin\/ksh","\/bin\/sh"],"posixAccount_primaryGroupAsSecondary":["true"],"inetOrgPerson_hideDescription":["false"],"inetOrgPerson_hideStreet":["false"],"inetOrgPerson_hidePostOfficeBox":["false"],"inetOrgPerson_hidePostalCode":["false"],"inetOrgPerson_hideLocation":["false"],"inetOrgPerson_hideState":["false"],"inetOrgPerson_hidePostalAddress":["false"],"inetOrgPerson_hideRegisteredAddress":["false"],"inetOrgPerson_hideOfficeName":["false"],"inetOrgPerson_hideRoomNumber":["false"],"inetOrgPerson_hideTelephoneNumber":["false"],"inetOrgPerson_hideHomeTelephoneNumber":["false"],"inetOrgPerson_hideMobileNumber":["false"],"inetOrgPerson_hideFaxNumber":["false"],"inetOrgPerson_hidePager":["true"],"inetOrgPerson_hideEMailAddress":["false"],"inetOrgPerson_hideJobTitle":["false"],"inetOrgPerson_hideCarLicense":["false"],"inetOrgPerson_hideEmployeeType":["false"],"inetOrgPerson_hideBusinessCategory":["false"],"inetOrgPerson_hideDepartments":["false"],"inetOrgPerson_hideManager":["false"],"inetOrgPerson_hideOu":["false"],"inetOrgPerson_hideO":["false"],"inetOrgPerson_hideEmployeeNumber":["false"],"inetOrgPerson_hideInitials":["false"],"inetOrgPerson_hideLabeledURI":["false"],"inetOrgPerson_hideuserCertificate":["false"],"inetOrgPerson_hidejpegPhoto":["false"],"inetOrgPerson_hidedisplayName":["true"],"inetOrgPerson_addAddressbook":["false"],"inetOrgPerson_readOnly_businessCategory":["false"],"inetOrgPerson_readOnly_carLicense":["false"],"inetOrgPerson_readOnly_cn":["false"],"inetOrgPerson_readOnly_departmentNumber":["false"],"inetOrgPerson_readOnly_description":["false"],"inetOrgPerson_readOnly_mail":["false"],"inetOrgPerson_readOnly_employeeNumber":["false"],"inetOrgPerson_readOnly_employeeType":["false"],"inetOrgPerson_readOnly_facsimileTelephoneNumber":["false"],"inetOrgPerson_readOnly_givenName":["false"],"inetOrgPerson_readOnly_homePhone":["false"],"inetOrgPerson_readOnly_initials":["false"],"inetOrgPerson_readOnly_title":["false"],"inetOrgPerson_readOnly_sn":["false"],"inetOrgPerson_readOnly_l":["false"],"inetOrgPerson_readOnly_manager":["false"],"inetOrgPerson_readOnly_mobile":["false"],"inetOrgPerson_readOnly_physicalDeliveryOfficeName":["false"],"inetOrgPerson_readOnly_o":["false"],"inetOrgPerson_readOnly_ou":["false"],"inetOrgPerson_readOnly_pager":["false"],"inetOrgPerson_readOnly_userPassword":["false"],"inetOrgPerson_readOnly_jpegPhoto":["false"],"inetOrgPerson_readOnly_postOfficeBox":["false"],"inetOrgPerson_readOnly_postalAddress":["false"],"inetOrgPerson_readOnly_postalCode":["false"],"inetOrgPerson_readOnly_registeredAddress":["false"],"inetOrgPerson_readOnly_roomNumber":["false"],"inetOrgPerson_readOnly_st":["false"],"inetOrgPerson_readOnly_street":["false"],"inetOrgPerson_readOnly_telephoneNumber":["false"],"inetOrgPerson_readOnly_uid":["false"],"inetOrgPerson_readOnly_labeledURI":["false"],"inetOrgPerson_jpegPhoto_maxWidth":[""],"inetOrgPerson_jpegPhoto_maxHeight":[""],"inetOrgPerson_jpegPhoto_maxSize":[""]},"toolSettings":{"treeViewSuffix":"dc=hemlis,dc=com","tool_hide_toolOUEditor":"false","tool_hide_toolWebauthn":"false","tool_hide_toolTests":"false","tool_hide_toolProfileEditor":"false","tool_hide_toolSchemaBrowser":"false","tool_hide_TreeViewTool":"false","tool_hide_toolPDFEditor":"false","tool_hide_ImportExport":"false","tool_hide_toolMultiEdit":"false","tool_hide_toolFileUpload":"false","tool_hide_toolServerInformation":"false"},"jobSettings":[]}},"accountProfiles":[],"accountProfileTemplates":[],"pdfProfiles":[],"pdfProfileTemplates":[],"selfServiceProfiles":[],"webauthn":[],"cronJobs":[]}